City_ID,City,Country,Date,Lat,Lng,Max Temp,Humidity,Cloudiness,Wind Speed
0,Wajir,KE,2021-05-29 18:52:52,1.7471,40.0573,302.13,58,0,0.0
1,Caravelas,BR,2021-05-29 18:52:53,-17.7125,-39.2481,299.76,72,55,3.52
2,Qaanaaq,GL,2021-05-29 18:52:54,77.484,-69.3632,272.98,95,49,2.58
3,Talnakh,RU,2021-05-29 18:48:36,69.4865,88.3972,271.15,98,99,2.05
4,Ponta Do Sol,PT,2021-05-29 18:48:11,32.6667,-17.1,294.5,57,34,2.15
5,Brae,GB,2021-05-29 18:49:42,60.3964,-1.353,281.1,78,5,1.68
6,Yarada,IN,2021-05-29 18:53:00,17.65,83.2667,301.33,78,40,2.94
7,Sibu,MY,2021-05-29 18:50:02,2.3,111.8167,297.32,94,40,0.89
8,Kodiak,US,2021-05-29 18:53:02,57.79,-152.4072,280.88,93,90,4.12
9,Plettenberg Bay,ZA,2021-05-29 18:53:03,-34.0527,23.3716,287.69,83,88,6.88
10,Barrow,US,2021-05-29 18:53:05,71.2906,-156.7887,272.41,88,97,4.19
11,Grand Gaube,MU,2021-05-29 18:53:07,-20.0064,57.6608,297.37,90,10,1.34
12,Puerto Ayora,EC,2021-05-29 18:53:08,-0.7393,-90.3518,302.13,84,59,3.13
13,Ushuaia,AR,2021-05-29 18:53:09,-54.8,-68.3,271.96,93,90,4.12
14,Nikolskoye,RU,2021-05-29 18:53:10,59.7035,30.7861,284.09,67,0,1.87
15,Fortuna,US,2021-05-29 18:53:12,40.5982,-124.1573,285.36,89,90,6.69
16,Mataura,NZ,2021-05-29 18:53:14,-46.1927,168.8643,282.86,96,100,2.18
17,Mahebourg,MU,2021-05-29 18:53:15,-20.4081,57.7,297.31,94,40,1.54
18,Kysyl-Syr,RU,2021-05-29 18:53:17,63.8986,122.7617,285.32,58,92,0.42
19,Cape Town,ZA,2021-05-29 18:52:18,-33.9258,18.4232,288.77,85,40,0.45
20,Ponta Delgada,PT,2021-05-29 18:53:19,37.7333,-25.6667,292.55,72,40,5.14
21,Rikitea,PF,2021-05-29 18:53:20,-23.1203,-134.9692,298.18,86,100,8.83
22,Hilo,US,2021-05-29 18:52:55,19.7297,-155.09,299.05,75,20,0.0
23,Roald,NO,2021-05-29 18:53:26,62.5833,6.1333,291.18,67,0,1.03
24,Tuktoyaktuk,CA,2021-05-29 18:53:27,69.4541,-133.0374,271.15,93,90,2.57
25,Kapaa,US,2021-05-29 18:53:28,22.0752,-159.319,299.33,70,8,0.89
26,Yellowknife,CA,2021-05-29 18:50:45,62.456,-114.3525,285.0,46,40,0.89
27,Jamestown,US,2021-05-29 18:53:30,42.097,-79.2353,283.19,78,90,2.24
28,Tasiilaq,GL,2021-05-29 18:53:33,65.6145,-37.6368,275.34,97,100,6.08
29,Salamiyah,SY,2021-05-29 18:53:34,35.0113,37.0532,292.4,64,0,3.55
30,Tuburan,PH,2021-05-29 18:53:35,6.6439,122.2736,297.2,74,97,2.54
31,Swellendam,ZA,2021-05-29 18:53:36,-34.0226,20.4417,285.36,90,5,2.22
32,Husavik,IS,2021-05-29 18:53:38,66.0449,-17.3389,288.1,58,100,5.26
33,Bull Savanna,JM,2021-05-29 18:53:39,17.8868,-77.5902,300.24,70,25,4.58
34,Luderitz,NA,2021-05-29 18:53:01,-26.6481,15.1594,289.51,67,59,7.62
35,Butaritari,KI,2021-05-29 18:53:41,3.0707,172.7902,301.31,78,100,7.06
36,Buala,SB,2021-05-29 18:53:43,-8.145,159.5921,298.32,88,99,1.37
37,Kiama,AU,2021-05-29 18:53:44,-34.6833,150.8667,285.58,70,97,2.68
38,Santa Fe,AR,2021-05-29 18:50:09,-31.6333,-60.7,292.03,33,0,2.24
39,Tarragona,ES,2021-05-29 18:53:47,41.129,1.249,298.71,62,0,2.06
40,Tiksi,RU,2021-05-29 18:53:48,71.6872,128.8694,272.39,97,74,3.94
41,Rafaela,AR,2021-05-29 18:53:50,-31.2503,-61.4867,290.36,30,1,0.89
42,Saskylakh,RU,2021-05-29 18:53:51,71.9167,114.0833,271.88,97,46,3.12
43,College,US,2021-05-29 18:50:00,64.8569,-147.8028,281.04,48,75,5.14
44,Chuy,UY,2021-05-29 18:53:53,-33.6971,-53.4616,285.71,57,100,7.58
45,Odesskoye,RU,2021-05-29 18:53:55,54.2111,72.9651,290.33,42,4,4.04
46,Albany,US,2021-05-29 18:53:56,42.6001,-73.9662,284.03,79,100,2.76
47,Leningradskiy,RU,2021-05-29 18:53:57,69.3833,178.4167,274.18,80,26,3.13
48,Nhulunbuy,AU,2021-05-29 18:53:59,-12.2333,136.7667,296.49,78,100,3.09
49,Illela,NG,2021-05-29 18:54:00,13.7292,5.2975,307.01,12,73,1.45
50,Pirapora,BR,2021-05-29 18:54:01,-17.345,-44.9419,305.23,30,100,1.03
51,Mana,GF,2021-05-29 18:54:02,5.6592,-53.7767,299.98,84,100,4.36
52,Taitung,TW,2021-05-29 18:54:04,22.7583,121.1444,300.06,85,100,2.29
53,Urazovo,RU,2021-05-29 18:54:05,50.0836,38.0395,289.78,91,100,0.95
54,Punta Arenas,CL,2021-05-29 18:53:07,-53.15,-70.9167,276.21,56,75,8.55
55,Pevek,RU,2021-05-29 18:54:08,69.7008,170.3133,278.43,60,0,4.81
56,Souillac,MU,2021-05-29 18:54:10,-20.5167,57.5167,297.36,94,40,2.88
57,Vao,NC,2021-05-29 18:54:11,-22.6667,167.4833,293.2,67,98,9.24
58,Ahipara,NZ,2021-05-29 18:50:22,-35.1667,173.1667,285.58,77,65,4.5
59,Castro,BR,2021-05-29 18:54:13,-24.7911,-50.0119,295.77,64,5,4.55
60,Yaroslavskiy,RU,2021-05-29 18:54:14,44.1683,132.2072,281.97,77,100,1.99
61,Atuona,PF,2021-05-29 18:54:16,-9.8,-139.0333,299.1,71,3,4.73
62,Fort Nelson,CA,2021-05-29 18:53:51,58.8053,-122.7002,289.92,29,75,4.63
63,Kavaratti,IN,2021-05-29 18:54:19,10.5669,72.642,301.77,75,100,7.4
64,Hithadhoo,MV,2021-05-29 18:54:20,-0.6,73.0833,301.82,72,61,7.86
65,Sao Filipe,CV,2021-05-29 18:54:21,14.8961,-24.4956,296.16,80,8,5.0
66,Finnsnes,NO,2021-05-29 18:54:23,69.2296,17.9811,281.49,82,100,3.82
67,Mount Gambier,AU,2021-05-29 18:54:24,-37.8333,140.7667,275.1,93,40,0.0
68,Khatanga,RU,2021-05-29 18:54:26,71.9667,102.5,275.55,82,100,4.84
69,San Carlos De Bariloche,AR,2021-05-29 18:54:28,-41.1456,-71.3082,279.01,61,40,4.83
70,Vaini,TO,2021-05-29 18:54:29,-21.2,-175.2,295.24,100,75,1.03
71,Wajima,JP,2021-05-29 18:50:53,37.4,136.9,287.92,81,93,2.7
72,Rawson,AR,2021-05-29 18:54:31,-43.3002,-65.1023,282.72,33,3,9.94
73,Thinadhoo,MV,2021-05-29 18:54:32,0.5333,72.9333,302.14,71,99,8.85
74,Sydney,AU,2021-05-29 18:51:45,-33.8679,151.2073,285.17,73,75,0.45
75,Jena,DE,2021-05-29 18:54:35,50.9333,11.5833,286.22,89,3,1.47
76,Cayon,KN,2021-05-29 18:54:36,17.35,-62.7333,302.89,66,20,5.66
77,Sola,VU,2021-05-29 18:54:37,-13.8833,167.55,299.06,69,100,5.92
78,Chabahar,IR,2021-05-29 18:54:39,25.2919,60.643,303.63,66,0,3.6
79,Provideniya,RU,2021-05-29 18:54:40,64.3833,-173.3,279.37,47,7,5.04
80,Ustka,PL,2021-05-29 18:54:42,54.5805,16.8619,282.08,78,0,5.12
81,Berdigestyakh,RU,2021-05-29 18:54:43,62.0989,126.6992,283.18,66,72,1.87
82,Dickinson,US,2021-05-29 18:54:45,29.4608,-95.0513,304.93,60,97,1.34
83,Pointe-Noire,CG,2021-05-29 18:54:46,-4.7761,11.8635,300.19,78,75,3.09
84,Hobart,AU,2021-05-29 18:53:42,-42.8794,147.3294,281.07,77,90,3.04
85,Atar,MR,2021-05-29 18:54:48,20.5169,-13.0499,313.17,10,48,6.8
86,Mehamn,NO,2021-05-29 18:54:50,71.0357,27.8492,278.09,82,98,6.66
87,Monrovia,LR,2021-05-29 18:50:53,6.3005,-10.7969,301.02,84,100,3.84
88,Guerrero Negro,MX,2021-05-29 18:54:54,27.9769,-114.0611,292.79,62,41,8.04
89,Komagane,JP,2021-05-29 18:54:55,35.7296,137.9396,285.58,85,7,1.2
90,Constitucion,CL,2021-05-29 18:54:57,-35.3333,-72.4167,287.68,62,100,6.25
91,Bansang,GM,2021-05-29 18:54:58,13.4333,-14.65,315.34,14,60,1.82
92,East London,ZA,2021-05-29 18:54:59,-33.0153,27.9116,290.67,63,0,6.69
93,Busselton,AU,2021-05-29 18:55:02,-33.65,115.3333,285.42,93,91,4.93
94,Esfarayen,IR,2021-05-29 18:55:04,37.0765,57.5101,294.96,18,0,2.78
95,Airai,TL,2021-05-29 18:55:05,-8.9266,125.4092,286.35,91,73,0.89
96,Thompson,CA,2021-05-29 18:55:06,55.7435,-97.8558,288.24,55,90,8.23
97,Moindou,NC,2021-05-29 18:55:10,-21.6924,165.677,290.12,66,95,5.13
98,Port Alfred,ZA,2021-05-29 18:55:11,-33.5906,26.891,289.64,75,99,13.02
99,Lorengau,PG,2021-05-29 18:55:12,-2.0226,147.2712,300.92,79,32,5.21
100,Ancud,CL,2021-05-29 18:55:13,-41.8697,-73.8203,283.39,72,100,3.66
101,Alofi,NU,2021-05-29 18:55:15,-19.0595,-169.9187,296.09,100,62,1.54
102,Ayan,RU,2021-05-29 18:55:16,56.45,138.1667,275.88,93,99,5.72
103,Anjozorobe,MG,2021-05-29 18:55:18,-18.4,47.8667,290.33,91,0,0.32
104,Codajas,BR,2021-05-29 18:53:14,-3.8367,-62.0569,305.65,50,26,1.47
105,Tiznit,MA,2021-05-29 18:55:22,29.5833,-9.5,298.15,45,100,2.54
106,Moen,NO,2021-05-29 18:55:24,69.1304,18.6123,281.55,66,90,6.17
107,Pangnirtung,CA,2021-05-29 18:55:25,66.1451,-65.7125,275.15,69,40,6.17
108,Bosobolo,CD,2021-05-29 18:55:27,4.1833,19.9,298.67,71,61,0.1
109,Howard Springs,AU,2021-05-29 18:55:28,-12.497,131.047,295.1,84,74,2.46
110,Portland,US,2021-05-29 18:51:50,45.5234,-122.6762,296.77,53,65,1.34
111,Bukama,CD,2021-05-29 18:55:30,-9.2,25.85,292.34,41,15,0.78
112,Udachnyy,RU,2021-05-29 18:55:31,66.4167,112.4,283.79,61,8,3.25
113,Havelock,US,2021-05-29 18:55:33,34.8791,-76.9013,303.18,78,100,6.26
114,Tura,IN,2021-05-29 18:55:34,25.5198,90.2201,296.05,90,70,1.61
115,Karratha,AU,2021-05-29 18:55:36,-20.7377,116.8463,296.07,74,100,1.18
116,Yumen,CN,2021-05-29 18:55:37,40.2833,97.2,292.41,36,0,2.08
117,Georgetown,MY,2021-05-29 18:55:40,5.4112,100.3354,302.11,85,20,1.54
118,Bonaventure,CA,2021-05-29 18:55:42,48.0457,-65.4926,287.48,35,8,3.18
119,Krasnoselkup,RU,2021-05-29 18:55:43,65.7,82.4667,276.59,51,2,4.27
120,Namatanai,PG,2021-05-29 18:55:45,-3.6667,152.4333,299.2,85,96,2.99
121,Maniitsoq,GL,2021-05-29 18:55:46,65.4167,-52.9,280.31,54,5,6.29
122,Itarema,BR,2021-05-29 18:55:48,-2.9248,-39.9167,301.48,74,100,6.12
123,Esperance,AU,2021-05-29 18:55:50,-33.8667,121.9,289.06,84,100,8.62
124,Vardo,NO,2021-05-29 18:55:52,70.3705,31.1107,277.31,77,29,5.89
125,Puri,IN,2021-05-29 18:55:53,19.8,85.85,304.47,88,9,6.16
126,Westport,US,2021-05-29 18:55:55,41.1415,-73.3579,284.17,90,90,0.45
127,Jalu,LY,2021-05-29 18:55:56,29.0331,21.5482,308.83,14,5,5.49
128,Isoka,ZM,2021-05-29 18:55:59,-10.1606,32.6335,286.9,68,0,1.04
129,George,ZA,2021-05-29 18:56:00,-33.963,22.4617,284.9,94,20,4.12
130,Namtsy,RU,2021-05-29 18:56:02,62.7161,129.6658,287.21,68,56,1.65
131,Mar Del Plata,AR,2021-05-29 18:52:20,-38.0023,-57.5575,282.72,58,40,6.26
132,Bluff,NZ,2021-05-29 18:54:01,-46.6,168.3333,283.04,87,100,8.84
133,Bredasdorp,ZA,2021-05-29 18:55:10,-34.5322,20.0403,285.77,88,5,2.66
134,Porgera,PG,2021-05-29 18:56:08,-5.4667,143.2,277.82,98,51,1.24
135,Yaan,NG,2021-05-29 18:56:09,7.3833,8.5667,302.77,57,19,3.26
136,Arman,RU,2021-05-29 18:56:11,59.7,150.1667,275.64,99,100,1.35
137,Saint-Philippe,RE,2021-05-29 18:56:12,-21.3585,55.7679,293.92,80,22,2.34
138,Hermanus,ZA,2021-05-29 18:54:11,-34.4187,19.2345,288.09,82,22,2.1
139,Hanna,CA,2021-05-29 18:56:15,51.6334,-111.9018,291.88,34,6,6.26
140,Marsa Matruh,EG,2021-05-29 18:54:14,31.3525,27.2453,295.26,78,0,2.57
141,Saint-Pierre,RE,2021-05-29 18:56:17,-21.3393,55.4781,293.97,76,0,2.57
142,Dali,CN,2021-05-29 18:56:18,25.7,100.1833,291.94,78,64,2.45
143,Severo-Kurilsk,RU,2021-05-29 18:56:20,50.6789,156.125,277.56,88,100,2.73
144,Popondetta,PG,2021-05-29 18:55:10,-8.7537,148.2534,295.87,84,81,0.44
145,Iqaluit,CA,2021-05-29 18:53:47,63.7506,-68.5145,272.0,74,75,9.77
146,Port Elizabeth,ZA,2021-05-29 18:56:24,-33.918,25.5701,287.09,94,90,6.17
147,Montorio Al Vomano,IT,2021-05-29 18:56:25,42.5831,13.6383,292.44,65,100,0.85
148,Taoudenni,ML,2021-05-29 18:56:29,22.6783,-3.9836,314.81,6,27,4.69
149,Khokhlovo,RU,2021-05-29 18:56:30,59.1492,37.3998,280.16,65,3,3.47
150,Coquimbo,CL,2021-05-29 18:56:31,-29.9533,-71.3436,290.0,72,0,4.34
151,Bambous Virieux,MU,2021-05-29 18:55:06,-20.3428,57.7575,297.29,94,40,2.16
152,Namibe,AO,2021-05-29 18:55:15,-15.1961,12.1522,295.79,77,1,2.53
153,Manali,IN,2021-05-29 18:56:18,13.1667,80.2667,304.3,77,97,4.91
154,Wanning,CN,2021-05-29 18:56:36,18.8003,110.3967,300.42,89,100,5.07
155,Yerbogachen,RU,2021-05-29 18:56:37,61.2767,108.0108,277.91,72,100,3.43
156,Banloc,RO,2021-05-29 18:56:39,45.3836,21.1381,290.16,70,33,3.35
157,Khandyga,RU,2021-05-29 18:56:40,62.6667,135.6,283.99,88,100,3.51
158,Puerto Del Rosario,ES,2021-05-29 18:56:42,28.5004,-13.8627,295.97,68,20,5.14
159,Srednekolymsk,RU,2021-05-29 18:56:43,67.45,153.6833,283.99,44,14,5.73
160,Marsh Harbour,BS,2021-05-29 18:56:44,26.5412,-77.0636,299.56,70,5,5.18
161,Acapulco,MX,2021-05-29 18:56:46,16.8634,-99.8901,304.92,56,84,3.86
162,Nizwa,OM,2021-05-29 18:56:48,22.9333,57.5333,304.66,32,76,2.5
163,Faanui,PF,2021-05-29 18:55:20,-16.4833,-151.75,299.5,68,54,2.24
164,Bengkulu,ID,2021-05-29 18:54:57,-3.8004,102.2655,297.22,86,100,1.15
165,Teya,RU,2021-05-29 18:56:51,60.3778,92.6267,274.19,95,100,3.17
166,Vila Franca Do Campo,PT,2021-05-29 18:56:53,37.7167,-25.4333,292.38,74,62,1.83
167,Praia Da Vitoria,PT,2021-05-29 18:56:54,38.7333,-27.0667,294.29,73,75,4.08
168,San Cristobal,VE,2021-05-29 18:56:55,7.7669,-72.225,295.25,75,65,1.74
169,Lompoc,US,2021-05-29 18:54:52,34.6391,-120.4579,291.4,74,90,6.17
170,Nizhniy Tsasuchey,RU,2021-05-29 18:56:58,50.5167,115.1333,282.73,43,79,6.5
171,Manasa,IN,2021-05-29 18:56:59,24.4837,75.2687,305.48,37,100,2.59
172,Shirokiy,RU,2021-05-29 18:57:01,49.758,129.523,282.86,97,100,1.4
173,Avarua,CK,2021-05-29 18:57:03,-21.2078,-159.775,297.18,64,17,1.03
174,Safaga,EG,2021-05-29 18:57:05,26.7292,33.9365,306.12,35,76,7.01
175,Chalmette,US,2021-05-29 18:57:07,29.9427,-89.9634,302.07,60,82,0.89
176,Gambo,CF,2021-05-29 18:57:08,4.6482,22.2633,294.65,93,98,0.22
177,Victoria,HK,2021-05-29 18:57:09,22.2855,114.1577,303.69,88,92,0.45
178,New Norfolk,AU,2021-05-29 18:54:51,-42.7826,147.0587,280.87,76,32,1.52
179,Norman Wells,CA,2021-05-29 18:57:11,65.282,-126.8329,275.17,87,90,3.6
180,High Prairie,CA,2021-05-29 18:57:13,55.4334,-116.4858,288.72,55,83,4.76
181,Ulladulla,AU,2021-05-29 18:57:14,-35.35,150.4667,284.87,65,98,5.96
182,Porto Novo,BJ,2021-05-29 18:57:15,6.4965,2.6036,302.05,77,100,3.53
183,La Ronge,CA,2021-05-29 18:57:18,55.1001,-105.2842,281.29,76,90,5.66
184,Strezhevoy,RU,2021-05-29 18:57:20,60.7333,77.5889,284.14,61,100,4.88
185,Abu Dhabi,AE,2021-05-29 18:57:21,24.4667,54.3667,305.21,70,0,3.45
186,Kawalu,ID,2021-05-29 18:57:22,-7.3817,108.2082,294.97,96,97,0.76
187,Torbay,CA,2021-05-29 18:57:24,47.6666,-52.7314,287.58,60,75,6.69
188,Clyde River,CA,2021-05-29 18:55:30,70.4692,-68.5914,273.28,69,40,1.54
189,Gubskaya,RU,2021-05-29 18:57:27,44.3164,40.6358,288.42,96,100,1.75
190,Muros,ES,2021-05-29 18:57:28,42.7762,-9.0603,293.43,59,100,4.45
191,Ocos,GT,2021-05-29 18:57:29,14.5094,-92.1933,303.29,69,45,4.46
192,Galveston,US,2021-05-29 18:57:30,29.3669,-94.9669,305.48,63,100,1.34
193,Viedma,AR,2021-05-29 18:57:32,-40.8135,-62.9967,284.26,36,6,9.2
194,Horodnytsya,UA,2021-05-29 18:57:33,50.807,27.3168,284.14,90,100,3.11
195,Baghdad,IQ,2021-05-29 18:53:54,33.3406,44.4009,305.1,23,0,3.5
196,Pisco,PE,2021-05-29 18:54:45,-13.7,-76.2167,292.6,88,90,3.6
197,Bamboo,JM,2021-05-29 18:57:36,18.3922,-77.2643,299.15,76,17,3.4
198,Ilulissat,GL,2021-05-29 18:57:39,69.2167,-51.1,281.83,52,30,4.89
199,Kaeo,NZ,2021-05-29 18:57:40,-35.1,173.7833,280.55,95,86,2.86
200,Poum,NC,2021-05-29 18:57:42,-20.2333,164.0167,294.74,61,74,8.47
201,Meulaboh,ID,2021-05-29 18:57:44,4.1363,96.1285,298.39,86,100,1.41
202,Nenjiang,CN,2021-05-29 18:57:45,49.1833,125.2167,281.46,92,3,1.9
203,Qaqortoq,GL,2021-05-29 18:57:46,60.7167,-46.0333,277.49,83,100,3.27
204,Mogzon,RU,2021-05-29 18:57:48,51.7435,111.9606,275.55,68,0,3.54
205,Longyearbyen,SJ,2021-05-29 18:55:22,78.2186,15.6401,274.06,75,75,3.6
206,Bonthe,SL,2021-05-29 18:57:52,7.5264,-12.505,301.54,77,25,3.66
207,La Union,PE,2021-05-29 18:57:54,-5.4,-80.75,300.27,56,74,3.84
208,Bethel,US,2021-05-29 18:57:56,41.3712,-73.414,282.98,89,100,1.34
209,Ceres,US,2021-05-29 18:57:59,37.5949,-120.9577,304.1,24,6,3.86
210,Acarau,BR,2021-05-29 18:58:00,-2.8856,-40.12,301.56,74,100,5.98
211,Zonguldak,TR,2021-05-29 18:58:01,41.25,31.8333,285.93,98,100,2.23
212,Lundazi,ZM,2021-05-29 18:58:03,-12.2929,33.1782,287.1,73,0,2.03
213,Samarai,PG,2021-05-29 18:58:05,-10.6167,150.6667,298.8,77,100,6.4
214,Novoselytsya,UA,2021-05-29 18:58:06,48.2193,26.2653,288.47,84,99,5.05
215,Kieta,PG,2021-05-29 18:58:08,-6.2167,155.6333,297.97,91,97,1.39
216,Dire Dawa,ET,2021-05-29 18:58:09,9.5931,41.8661,295.47,63,6,5.87
217,Progreso,MX,2021-05-29 18:58:10,21.2833,-89.6667,309.88,58,6,5.86
218,Mokrous,RU,2021-05-29 18:58:12,51.2333,47.5167,290.17,93,99,2.16
219,Seymchan,RU,2021-05-29 18:58:15,62.8833,152.4333,278.28,64,12,3.64
220,Acajutla,SV,2021-05-29 18:55:00,13.5928,-89.8275,306.37,63,69,3.86
221,Upernavik,GL,2021-05-29 18:55:13,72.7868,-56.1549,272.85,92,100,7.74
222,Ust-Kut,RU,2021-05-29 18:58:21,56.7938,105.7672,275.22,82,100,1.47
223,Carutapera,BR,2021-05-29 18:58:24,-1.195,-46.02,300.54,85,59,3.25
224,Vestmannaeyjar,IS,2021-05-29 18:58:25,63.4427,-20.2734,281.7,87,75,9.26
225,Oktyabrskoye,RU,2021-05-29 18:58:26,43.0645,44.7417,293.23,73,65,2.65
226,Linkou,CN,2021-05-29 18:58:28,45.3,130.2833,281.7,89,19,1.05
227,Saldanha,ZA,2021-05-29 18:58:29,-33.0117,17.9442,287.18,82,35,3.64
228,Karaton,ID,2021-05-29 18:58:30,-6.3424,106.1045,298.13,95,100,0.37
229,Pascagoula,US,2021-05-29 18:58:31,30.3658,-88.5561,304.29,71,100,3.14
230,Hobe Sound,US,2021-05-29 18:58:33,27.0595,-80.1364,306.49,65,40,7.07
231,Lagoa,PT,2021-05-29 18:55:25,39.05,-27.9833,290.87,73,17,3.58
232,Maralal,KE,2021-05-29 18:58:35,1.0968,36.698,289.27,73,93,3.47
233,Xining,CN,2021-05-29 18:58:36,36.6167,101.7667,284.52,61,39,1.68
234,Port Hawkesbury,CA,2021-05-29 18:58:38,45.6169,-61.3485,284.71,47,90,3.6
235,Kautokeino,NO,2021-05-29 18:58:40,69.0125,23.0412,278.94,62,89,2.11
236,Sitka,US,2021-05-29 18:55:16,57.0531,-135.33,282.59,82,100,2.54
237,Tazmalt,DZ,2021-05-29 18:58:42,36.3868,4.3989,295.09,70,71,2.69
238,Calvinia,ZA,2021-05-29 18:54:12,-31.4707,19.776,282.49,81,88,1.11
239,Eltham,NZ,2021-05-29 18:54:08,-39.4292,174.3,283.25,96,77,1.79
240,Carnarvon,AU,2021-05-29 18:58:45,-24.8667,113.6333,289.19,94,12,3.09
241,Banepa,NP,2021-05-29 18:58:49,27.6298,85.5214,291.33,94,20,0.57
242,La Peca,PE,2021-05-29 18:58:50,-5.6111,-78.435,303.09,44,26,1.52
243,Kasempa,ZM,2021-05-29 18:58:51,-13.4584,25.8338,287.24,40,0,1.65
244,Omsukchan,RU,2021-05-29 18:58:53,62.5333,155.8,272.12,92,100,3.2
245,Yulara,AU,2021-05-29 18:58:54,-25.2406,130.9889,282.06,66,100,3.09
246,Nome,US,2021-05-29 18:58:55,64.5011,-165.4064,282.13,44,3,5.71
247,Great Yarmouth,GB,2021-05-29 18:58:56,52.6083,1.7305,287.78,88,5,4.0
248,Lakselv,NO,2021-05-29 18:58:58,70.0513,24.9718,280.05,53,90,2.06
249,Saint George,US,2021-05-29 18:59:00,37.1041,-113.5841,305.59,13,100,0.89
250,Cabo San Lucas,MX,2021-05-29 18:57:57,22.8909,-109.9124,311.77,54,74,3.32
251,Wadi Maliz,TN,2021-05-29 18:55:13,36.4681,8.5495,294.96,67,26,2.24
252,Morwell,AU,2021-05-29 18:59:04,-38.2333,146.4,277.82,97,2,0.82
253,Lilongwe,MW,2021-05-29 18:57:16,-13.9669,33.7873,289.03,56,0,0.8
254,Barretos,BR,2021-05-29 18:59:09,-20.5572,-48.5678,304.91,28,58,5.17
255,Zhezkazgan,KZ,2021-05-29 18:59:10,47.8043,67.7144,294.7,47,16,2.78
256,Santa Barbara,US,2021-05-29 18:59:11,34.7333,-120.0343,289.44,71,90,3.69
257,Geraldton,AU,2021-05-29 18:59:13,-28.7667,114.6,289.89,82,99,6.3
258,Manavalakurichi,IN,2021-05-29 18:59:14,8.1333,77.3,300.2,84,81,6.68
259,Ternate,ID,2021-05-29 18:59:15,0.8,127.4,300.63,81,100,3.98
260,Fengcheng,CN,2021-05-29 18:59:16,40.4536,124.0717,282.81,89,22,0.68
261,Sembe,CG,2021-05-29 18:59:18,1.6481,14.5806,297.38,81,58,0.98
262,Puerto Madryn,AR,2021-05-29 18:59:19,-42.7692,-65.0385,282.84,36,5,9.95
263,Chopinzinho,BR,2021-05-29 18:59:20,-25.8558,-52.5233,294.37,80,76,2.38
264,Tecpan,GT,2021-05-29 18:59:23,14.7623,-90.9947,295.57,72,85,1.31
265,Ratholo,BW,2021-05-29 18:59:24,-22.7245,27.572,290.3,26,2,1.15
266,Pauini,BR,2021-05-29 18:59:25,-7.7136,-66.9764,306.74,45,19,0.35
267,Palafrugell,ES,2021-05-29 18:55:21,41.9174,3.1631,293.57,84,89,3.59
268,Dikson,RU,2021-05-29 18:59:29,73.5069,80.5464,266.64,96,14,1.14
269,Fenoarivo,MG,2021-05-29 18:59:31,-18.933,47.4354,290.19,72,20,0.9
270,Laguna,US,2021-05-29 18:59:32,38.421,-121.4238,302.84,48,40,1.79
271,Novoagansk,RU,2021-05-29 18:59:33,61.9449,76.6625,281.92,59,100,6.22
272,Andenes,NO,2021-05-29 18:59:34,69.3143,16.1194,281.52,87,90,7.72
273,Boyolangu,ID,2021-05-29 18:59:36,-8.1181,111.8935,297.23,92,88,1.04
274,Sekoma,BW,2021-05-29 18:59:37,-24.4,23.8833,287.18,26,3,3.82
275,Kutum,SD,2021-05-29 18:59:39,14.2,24.6667,302.96,11,67,5.53
276,Beidao,CN,2021-05-29 18:59:42,34.5686,105.8933,291.21,65,99,1.68
277,Puerto Leguizamo,CO,2021-05-29 18:59:44,-0.1934,-74.7819,302.73,69,29,1.43
278,Sheridan,US,2021-05-29 18:59:45,44.8333,-106.9173,291.1,37,78,3.13
279,Tamworth,GB,2021-05-29 18:57:16,52.634,-1.6959,292.33,53,3,0.89
280,Megion,RU,2021-05-29 18:59:47,61.0296,76.1136,284.16,61,100,5.7
281,Rongcheng,CN,2021-05-29 18:59:49,30.634,117.8517,293.84,95,100,1.67
282,Cairns,AU,2021-05-29 18:55:48,-16.9167,145.7667,293.12,82,70,3.09
283,Arraial Do Cabo,BR,2021-05-29 18:57:59,-22.9661,-42.0278,307.13,55,0,3.09
284,Waddan,LY,2021-05-29 18:59:54,29.1614,16.139,308.06,11,56,5.36
285,Adrar,MR,2021-05-29 18:59:55,20.5022,-10.0711,311.94,8,100,4.61
286,San Carlos,VE,2021-05-29 18:59:57,9.6612,-68.5827,304.08,54,100,0.67
287,Ribeira Grande,PT,2021-05-29 18:55:15,38.5167,-28.7,293.37,68,75,1.03
288,Cidreira,BR,2021-05-29 18:59:59,-30.1811,-50.2056,291.96,65,0,5.0
289,Cabedelo,BR,2021-05-29 18:58:02,-6.9811,-34.8339,301.52,74,8,7.21
290,Killybegs,IE,2021-05-29 19:00:04,54.6333,-8.45,288.99,73,14,1.63
291,Le Port,RE,2021-05-29 19:00:05,-20.9373,55.2919,294.15,76,0,1.28
292,Talakan,RU,2021-05-29 19:00:07,50.3167,130.3667,282.82,96,98,1.93
293,Rusape,ZW,2021-05-29 19:00:09,-18.5278,32.1284,285.87,30,0,2.33
294,Araouane,ML,2021-05-29 19:00:11,18.9048,-3.5265,312.39,15,93,3.49
295,Tamiahua,MX,2021-05-29 19:00:13,21.2667,-97.45,304.49,64,40,5.61
296,Dalvik,IS,2021-05-29 19:00:14,65.9702,-18.5286,284.56,54,100,4.95
297,High Level,CA,2021-05-29 19:00:15,58.5169,-117.136,292.83,24,100,4.46
298,Inirida,CO,2021-05-29 19:00:17,3.8653,-67.9239,302.33,78,38,0.23
299,Surt,LY,2021-05-29 18:56:39,31.2089,16.5887,295.33,79,2,4.57
300,Nuevitas,CU,2021-05-29 19:00:19,21.5453,-77.2644,301.43,67,20,4.0
301,Harmanli,BG,2021-05-29 19:00:22,41.9333,25.9,287.38,63,98,1.0
302,Bonavista,CA,2021-05-29 19:00:23,48.6499,-53.1147,282.1,75,6,6.23
303,Verkh-Usugli,RU,2021-05-29 19:00:25,52.7,115.1667,280.06,67,95,1.52
304,Hualmay,PE,2021-05-29 19:00:26,-11.0964,-77.6139,293.6,78,45,4.94
305,Klaksvik,FO,2021-05-29 19:00:28,62.2266,-6.589,283.66,78,7,6.11
306,Novo Aripuana,BR,2021-05-29 19:00:30,-5.1206,-60.3797,303.11,63,99,1.24
307,Cherskiy,RU,2021-05-29 19:00:31,68.75,161.3,284.0,44,15,6.02
308,Gorontalo,ID,2021-05-29 19:00:32,0.5412,123.0595,297.16,94,87,0.69
309,Harper,LR,2021-05-29 19:00:33,4.375,-7.7169,300.44,82,94,4.25
310,Verkhoyansk,RU,2021-05-29 19:00:35,67.5447,133.385,279.35,65,67,3.08
311,Lebu,CL,2021-05-29 19:00:37,-37.6167,-73.65,285.07,63,100,3.14
312,Beba,CU,2021-05-29 19:00:39,22.4437,-79.7253,297.3,50,47,4.4
313,Port Lincoln,AU,2021-05-29 18:58:51,-34.7333,135.8667,286.54,64,0,7.86
314,Nabinagar,BD,2021-05-29 19:00:43,23.8917,90.9733,303.19,80,4,2.41
315,Olafsvik,IS,2021-05-29 18:57:13,64.8945,-23.7142,280.29,90,100,13.57
316,Margate,GB,2021-05-29 19:00:47,51.3813,1.3862,287.99,68,0,1.79
317,Lamu,KE,2021-05-29 19:00:49,-2.2717,40.902,298.89,78,87,5.73
318,Pontes E Lacerda,BR,2021-05-29 19:00:52,-15.2261,-59.3353,307.36,27,81,3.21
319,Antequera,ES,2021-05-29 19:00:53,37.0194,-4.5612,293.58,62,94,3.07
320,Rio Branco Do Sul,BR,2021-05-29 19:00:54,-25.19,-49.3142,299.45,64,8,2.89
321,Upata,VE,2021-05-29 19:00:55,8.0086,-62.3989,300.73,69,50,2.71
322,Juneau,US,2021-05-29 18:58:49,58.3019,-134.4197,283.27,93,90,2.68
323,Belaya Gora,RU,2021-05-29 19:00:58,68.5333,146.4167,283.97,47,1,5.89
324,Carmelo,UY,2021-05-29 18:59:27,-33.9892,-58.2856,286.12,48,0,5.24
325,Hermosillo,MX,2021-05-29 18:56:57,29.0667,-110.9667,310.2,11,10,3.58
326,Napier,NZ,2021-05-29 18:57:46,-39.4833,176.9167,282.75,91,100,0.89
327,Vilhena,BR,2021-05-29 19:01:02,-12.7406,-60.1458,303.96,33,84,1.08
328,Hidalgo,MX,2021-05-29 19:01:04,20.5,-99.0,300.24,29,9,4.47
329,Abha,SA,2021-05-29 19:01:05,18.2164,42.5053,294.81,40,100,0.76
330,Palencia,ES,2021-05-29 19:01:06,42.4167,-4.5,293.59,89,98,6.91
331,Kruisfontein,ZA,2021-05-29 19:01:09,-34.0033,24.7314,285.86,87,60,6.1
332,Punta Alta,AR,2021-05-29 19:01:10,-38.8759,-62.0736,284.31,40,49,7.56
333,Pekan,MY,2021-05-29 19:01:11,3.4836,103.3996,299.38,87,97,1.77
334,Balud,PH,2021-05-29 19:01:13,10.1476,123.6953,300.12,84,57,1.22
335,Storforshei,NO,2021-05-29 19:01:14,66.4043,14.5233,282.96,83,79,0.43
336,Touros,BR,2021-05-29 19:01:15,-5.1989,-35.4608,300.53,71,4,7.16
337,Gimli,CA,2021-05-29 19:01:16,50.6336,-96.9907,295.61,60,59,8.29
338,Rio Grande,BR,2021-05-29 19:01:18,-32.035,-52.0986,290.34,58,5,8.24
339,Quatre Cocos,MU,2021-05-29 19:01:19,-20.2078,57.7625,296.53,86,21,2.26
340,Vila Do Maio,CV,2021-05-29 19:01:20,15.1333,-23.2167,295.47,84,35,8.4
341,Zeya,RU,2021-05-29 19:01:22,53.75,127.2667,281.6,92,100,1.53
342,Ridgecrest,US,2021-05-29 19:00:21,35.6225,-117.6709,304.64,13,40,1.02
343,Olinda,BR,2021-05-29 19:01:24,-8.0089,-34.8553,300.0,65,40,5.26
344,Sao Felix Do Xingu,BR,2021-05-29 18:58:29,-6.6447,-51.995,305.1,40,0,1.95
345,Saint-Georges,GD,2021-05-29 18:59:18,12.0564,-61.7485,301.97,70,20,11.32
346,Parabel,RU,2021-05-29 19:01:28,58.6978,81.4825,277.74,62,89,2.97
347,Bagotville,AU,2021-05-29 19:01:30,-28.9833,153.4167,284.14,78,89,4.83
348,Kaka,TM,2021-05-29 19:01:31,37.3482,59.6143,305.41,13,0,3.41
349,Bombay,IN,2021-05-29 19:00:46,19.0144,72.8479,304.14,79,75,2.06
350,Ballina,AU,2021-05-29 19:01:34,-28.8667,153.5667,284.23,78,100,6.47
351,Hondo,JP,2021-05-29 19:01:35,32.45,130.2,292.01,70,100,1.31
352,Gunjur,GM,2021-05-29 19:01:36,13.2019,-16.7339,298.19,69,1,6.25
353,Buchanan,LR,2021-05-29 19:01:37,5.8808,-10.0467,301.13,85,97,3.12
354,La Libertad,EC,2021-05-29 18:57:13,-2.2333,-80.9,296.96,83,90,4.43
355,Morehead,US,2021-05-29 19:01:42,37.2711,-87.1764,286.56,79,90,0.89
356,Ipanema,BR,2021-05-29 19:01:43,-30.1391,-51.2244,294.97,59,0,4.41
357,Dunedin,NZ,2021-05-29 19:01:44,-45.8742,170.5036,283.04,96,100,5.46
358,Coihaique,CL,2021-05-29 19:01:45,-45.5752,-72.0662,277.8,80,100,4.73
359,Pervomayskoye,RU,2021-05-29 19:01:47,43.919,46.7102,294.92,61,100,3.27
360,Alamosa,US,2021-05-29 19:01:48,37.4695,-105.87,297.14,14,1,3.6
361,Asfi,MA,2021-05-29 19:01:49,32.2994,-9.2372,294.2,75,100,4.76
362,Mtinko,TZ,2021-05-29 19:01:50,-4.55,34.85,291.66,66,88,3.72
363,Balkhash,KZ,2021-05-29 19:01:53,46.844,74.9804,294.44,32,69,9.04
364,Cravo Norte,CO,2021-05-29 19:01:54,6.3017,-70.2041,301.48,74,100,3.52
365,Tahta,EG,2021-05-29 19:01:55,26.7693,31.5021,304.27,23,1,5.09
366,Wabana,CA,2021-05-29 19:01:57,47.6332,-52.9481,283.46,66,100,3.62
367,Houston,US,2021-05-29 18:58:04,29.7633,-95.3633,305.6,56,1,0.89
368,Warwick,US,2021-05-29 19:01:59,41.7001,-71.4162,282.95,94,90,6.69
369,Palmas,BR,2021-05-29 19:02:00,-10.2128,-48.3603,305.92,28,8,2.22
370,Atyrau,KZ,2021-05-29 19:02:02,47.1167,51.8833,294.16,73,0,3.0
371,Santa Maria Da Vitoria,BR,2021-05-29 19:02:03,-13.3947,-44.1886,306.29,25,100,2.32
372,Moose Factory,CA,2021-05-29 19:02:06,51.2585,-80.6094,292.35,21,16,2.47
373,Ornskoldsvik,SE,2021-05-29 19:02:07,63.2909,18.7153,286.05,71,11,2.55
374,Lavrentiya,RU,2021-05-29 19:02:09,65.5833,-171.0,272.62,81,8,4.32
375,Naushahro Firoz,PK,2021-05-29 19:02:10,26.8424,68.123,309.89,34,26,4.1
376,Edd,ER,2021-05-29 19:02:12,13.9297,41.6925,306.59,52,6,3.52
377,Sherlovaya Gora,RU,2021-05-29 19:02:13,50.5667,116.25,281.7,67,100,4.53
378,Tatawin,TN,2021-05-29 19:02:15,32.9297,10.4518,295.41,62,89,6.49
379,Nuuk,GL,2021-05-29 19:00:01,64.1835,-51.7216,280.86,56,4,6.71
380,Cap-Aux-Meules,CA,2021-05-29 19:02:18,47.3821,-61.8597,279.35,73,100,1.52
381,Lagunas,PE,2021-05-29 19:02:20,-5.2269,-75.6753,307.01,42,60,0.92
382,Quang Ngai,VN,2021-05-29 19:00:19,15.1167,108.8,299.4,82,30,1.77
383,Vanimo,PG,2021-05-29 19:01:15,-2.6741,141.3028,298.87,89,100,1.96
384,Masuda,JP,2021-05-29 19:02:24,34.6667,131.85,289.08,59,14,2.22
385,Ziyang,CN,2021-05-29 19:02:27,29.2497,117.8547,292.45,94,100,0.45
386,Alice Springs,AU,2021-05-29 19:02:28,-23.7,133.8833,276.9,75,0,2.71
387,Guatire,VE,2021-05-29 19:02:30,10.4762,-66.5427,304.93,43,89,2.79
388,Taubate,BR,2021-05-29 18:58:56,-23.0264,-45.5553,301.87,57,40,4.63
389,Aykhal,RU,2021-05-29 19:02:32,66.0,111.5,283.13,63,19,3.63
390,Turukhansk,RU,2021-05-29 19:02:35,65.8167,87.9833,270.46,91,7,2.73
391,Inongo,CD,2021-05-29 19:02:37,-1.95,18.2667,296.38,80,100,2.1
392,Simbahan,PH,2021-05-29 19:02:39,6.3032,120.5836,301.75,71,69,1.77
393,Port Hardy,CA,2021-05-29 18:59:29,50.6996,-127.4199,283.25,81,40,2.57
394,Padang,ID,2021-05-29 19:02:41,-0.9492,100.3543,298.88,76,100,2.08
395,Luena,AO,2021-05-29 19:02:43,-11.7833,19.9167,287.0,40,11,1.55
396,Skegness,GB,2021-05-29 19:02:44,53.1436,0.3363,290.31,87,0,5.07
397,Kaitangata,NZ,2021-05-29 19:02:45,-46.2817,169.8464,282.78,93,100,4.88
398,Bereda,ES,2021-05-29 19:02:48,43.2686,-7.5406,291.16,84,100,2.56
399,Kango,GA,2021-05-29 19:02:49,0.1943,10.0951,298.21,95,100,1.23
400,Tarko-Sale,RU,2021-05-29 19:02:50,64.9225,77.785,278.71,66,90,10.12
401,Santa Rosa,PH,2021-05-29 19:02:49,14.3122,121.1114,302.64,77,83,1.18
402,Fort-Shevchenko,KZ,2021-05-29 19:02:55,44.5086,50.263,295.5,65,95,2.12
403,Deputatskiy,RU,2021-05-29 19:02:56,69.3,139.9,279.71,56,43,3.99
404,Simpsonville,US,2021-05-29 19:02:57,34.7371,-82.2543,303.03,50,40,0.45
405,Areal,BR,2021-05-29 19:02:59,-22.2306,-43.1056,299.34,72,69,0.84
406,Anloga,GH,2021-05-29 19:03:00,5.7947,0.8973,301.38,78,96,4.71
407,Atlantic City,US,2021-05-29 19:01:25,39.3643,-74.4229,284.82,90,90,13.44
408,Makaha,US,2021-05-29 19:03:03,21.4694,-158.2175,301.47,65,80,0.67
409,Sao Gabriel Da Cachoeira,BR,2021-05-29 19:03:04,-0.1303,-67.0892,302.04,77,42,0.26
410,Uvinza,TZ,2021-05-29 19:03:05,-5.1036,30.3911,293.52,73,49,0.81
411,Talcahuano,CL,2021-05-29 19:03:07,-36.7167,-73.1167,285.42,67,100,4.99
412,Kavieng,PG,2021-05-29 19:03:08,-2.5744,150.7967,300.77,81,93,7.18
413,Asau,RO,2021-05-29 19:03:09,46.4333,26.4,287.75,96,93,0.27
414,North Bend,US,2021-05-29 19:03:12,43.4065,-124.2243,296.62,70,9,5.3
415,Tuatapere,NZ,2021-05-29 19:03:13,-46.1333,167.6833,283.05,94,100,3.6
416,Takoradi,GH,2021-05-29 19:03:15,4.8845,-1.7554,300.26,82,91,2.77
417,Izumo,JP,2021-05-29 19:03:16,35.3667,132.7667,287.37,67,5,2.14
418,Shimoda,JP,2021-05-29 19:03:18,34.6667,138.95,293.21,84,100,3.95
419,Egvekinot,RU,2021-05-29 19:03:19,66.3167,-179.1667,274.96,55,24,2.96
420,Hamilton,US,2021-05-29 19:00:38,39.1834,-84.5333,286.25,78,100,2.24
421,Biltine,TD,2021-05-29 19:03:22,14.5333,20.9167,307.59,10,0,3.39
422,Kamaishi,JP,2021-05-29 19:03:24,39.2667,141.8833,286.22,87,27,3.0
423,South Valley,US,2021-05-29 19:03:25,35.0101,-106.6781,305.23,15,40,0.0
424,Imbituba,BR,2021-05-29 19:01:47,-28.24,-48.6703,292.19,80,49,4.66
425,Hauterive,FR,2021-05-29 19:03:27,46.0901,3.4459,294.57,85,39,1.75
426,San Quintin,MX,2021-05-29 19:03:28,30.4833,-115.95,291.87,66,3,8.84
427,Tecoanapa,MX,2021-05-29 19:03:31,16.5167,-98.75,304.54,59,17,5.14
428,Smoljan,ME,2021-05-29 19:03:32,43.0924,19.2286,279.25,90,99,1.63
429,Port Blair,IN,2021-05-29 19:03:34,11.6667,92.75,300.52,83,100,2.76
430,Kamina,CD,2021-05-29 19:03:36,-8.7386,24.9906,291.2,40,85,1.07
431,Fortuna Foothills,US,2021-05-29 19:03:37,32.6578,-114.4119,309.94,11,0,0.45
432,Aklavik,CA,2021-05-29 19:03:38,68.2191,-135.0107,273.15,74,90,4.12
433,Gladstone,AU,2021-05-29 19:03:39,-23.85,151.25,288.11,55,78,2.06
434,Nuevo Progreso,MX,2021-05-29 19:03:41,23.1667,-97.95,307.92,51,10,3.58
435,Rincon,US,2021-05-29 19:03:42,32.296,-81.2354,304.25,56,75,0.45
436,Te Anau,NZ,2021-05-29 19:03:43,-45.4167,167.7167,280.91,96,100,3.16
437,Chokurdakh,RU,2021-05-29 19:03:44,70.6333,147.9167,282.85,50,9,4.48
438,Sistranda,NO,2021-05-29 19:03:47,63.7256,8.834,287.13,84,4,5.86
439,Joshimath,IN,2021-05-29 19:03:48,30.5667,79.5667,292.47,93,100,0.77
440,Saint-Augustin,CA,2021-05-29 19:03:49,51.226,-58.6502,286.12,39,99,5.1
441,Chau Doc,VN,2021-05-29 19:03:51,10.7,105.1167,299.75,87,49,2.76
442,Mountain Home,US,2021-05-29 19:00:01,43.133,-115.6912,297.49,20,88,3.24
443,Yarkovo,RU,2021-05-29 19:03:53,57.4028,67.0786,289.95,62,9,3.24
444,Ramon,PH,2021-05-29 19:03:54,16.7842,121.535,297.89,90,66,1.81
445,Saint Anthony,US,2021-05-29 19:03:56,45.0205,-93.218,292.09,38,1,1.79
446,Norilsk,RU,2021-05-29 19:03:57,69.3535,88.2027,270.95,97,96,1.85
447,Bubaque,GW,2021-05-29 19:03:58,11.2833,-15.8333,299.3,69,7,8.53
448,Fairbanks,US,2021-05-29 19:00:43,64.8378,-147.7164,282.09,49,60,0.45
449,Vostok,RU,2021-05-29 19:04:03,46.4856,135.8833,278.88,91,100,1.3
450,Hasaki,JP,2021-05-29 19:04:04,35.7333,140.8333,292.37,82,100,0.49
451,Salto Del Guaira,PY,2021-05-29 19:04:06,-24.0625,-54.3069,303.06,39,100,2.6
452,Dukat,RU,2021-05-29 19:04:08,62.55,155.55,271.64,89,44,2.61
453,Goundam,ML,2021-05-29 19:04:09,16.4145,-3.6708,312.01,16,60,2.83
454,Manoel Urbano,BR,2021-05-29 19:04:11,-8.8389,-69.2597,306.6,42,64,1.22
455,Caernarfon,GB,2021-05-29 19:04:13,53.1413,-4.2702,291.21,72,53,4.63
456,Trelew,AR,2021-05-29 19:04:14,-43.249,-65.3051,282.85,30,4,9.35
457,Mogadishu,SO,2021-05-29 19:02:05,2.0371,45.3438,299.03,84,69,6.45
458,Sao Joao Da Barra,BR,2021-05-29 19:04:18,-21.6403,-41.0511,300.71,67,5,3.64
459,Puerto Escondido,MX,2021-05-29 19:02:20,15.85,-97.0667,304.67,58,27,3.47
460,Ulverstone,AU,2021-05-29 19:04:21,-41.15,146.1667,277.16,80,14,0.89
461,Timberlake,US,2021-05-29 19:04:22,37.3207,-79.2575,291.66,94,90,1.34
462,Batagay,RU,2021-05-29 19:04:23,67.6333,134.6333,280.86,54,49,2.63
463,Severnyy,RU,2021-05-29 19:04:25,50.677,36.5532,291.17,82,75,2.0
464,Sovetskiy,RU,2021-05-29 19:04:26,61.3614,63.5842,287.59,88,100,1.97
465,Ostrovnoy,RU,2021-05-29 19:04:28,68.0531,39.5131,274.92,79,100,7.52
466,Cocachacra,PE,2021-05-29 19:04:31,-17.0883,-71.7575,294.22,76,100,3.37
467,Rocha,UY,2021-05-29 19:00:20,-34.4833,-54.3333,284.38,58,6,7.75
468,Okha,RU,2021-05-29 19:04:33,53.5739,142.9478,274.67,96,100,6.38
469,Lere,NG,2021-05-29 19:04:35,10.387,8.5726,301.04,46,100,2.92
470,Humberto De Campos,BR,2021-05-29 19:04:36,-2.5983,-43.4611,301.4,75,73,2.38
471,Sidi Ali,DZ,2021-05-29 19:04:38,36.0998,0.4206,293.4,59,23,3.11
472,Tongren,CN,2021-05-29 19:00:13,27.7172,109.1853,290.68,96,21,0.76
473,Gambela,ET,2021-05-29 19:04:41,8.25,34.5833,296.99,77,11,1.58
474,Ust-Ishim,RU,2021-05-29 19:04:43,57.6935,71.1665,288.85,77,18,2.62
475,Dudinka,RU,2021-05-29 19:04:47,69.4058,86.1778,261.72,98,33,1.19
476,Coahuayana,MX,2021-05-29 19:04:48,18.7333,-103.6833,308.86,30,92,3.67
477,Blois,FR,2021-05-29 19:04:49,47.5833,1.3333,294.22,75,56,3.65
478,Ciudad Bolivar,VE,2021-05-29 19:04:50,8.1222,-63.5497,303.63,54,94,3.71
479,Naze,JP,2021-05-29 19:04:52,28.3667,129.4833,291.04,91,100,2.38
480,Solnechnyy,RU,2021-05-29 19:04:53,50.7214,136.6319,279.4,92,100,0.84
481,Broken Hill,AU,2021-05-29 19:04:55,-31.95,141.4333,278.6,62,49,2.78
482,Nouadhibou,MR,2021-05-29 19:03:46,20.931,-17.0347,292.59,86,93,10.17
483,Imeni Zhelyabova,RU,2021-05-29 19:04:59,58.9544,36.5956,278.72,62,5,3.67
484,San Patricio,US,2021-05-29 19:05:00,28.017,-97.5169,300.14,68,72,2.83
485,Trabzon,TR,2021-05-29 19:05:01,40.9167,39.8333,286.2,100,75,3.09
486,Balakhninskiy,RU,2021-05-29 19:03:19,58.0106,114.2769,278.42,97,100,2.05
487,Nioro,GM,2021-05-29 19:05:04,13.35,-15.75,305.43,31,64,6.77
488,Kokopo,PG,2021-05-29 19:05:05,-4.352,152.2633,298.07,88,99,3.79
489,Ampanihy,MG,2021-05-29 19:05:07,-24.7,44.75,291.22,78,0,1.67
490,Port-Gentil,GA,2021-05-29 19:05:08,-0.7193,8.7815,299.34,86,93,5.49
491,Hobyo,SO,2021-05-29 19:05:09,5.3505,48.5268,299.65,81,96,9.73
492,Kahului,US,2021-05-29 19:02:20,20.8947,-156.47,300.91,69,10,3.58
493,Klyuchi,RU,2021-05-29 19:05:13,52.2667,79.1667,285.89,53,0,3.74
494,Suez,EG,2021-05-29 19:05:14,29.9737,32.5263,296.31,56,0,4.95
495,Sao Jose Da Coroa Grande,BR,2021-05-29 19:05:15,-8.8978,-35.1478,299.8,68,29,3.57
496,Nizhnyaya Tavda,RU,2021-05-29 19:05:17,57.6731,66.1725,290.36,55,10,3.37
497,Maxixe,MZ,2021-05-29 19:05:18,-23.8597,35.3472,292.64,85,0,1.9
498,Sibolga,ID,2021-05-29 19:05:19,1.7427,98.7792,298.19,90,95,1.3
499,Ust-Tsilma,RU,2021-05-29 19:05:20,65.441,52.1498,275.67,80,71,2.18
500,Pakxan,LA,2021-05-29 19:05:22,18.3778,103.6601,298.67,88,100,1.25
501,Samarinda,ID,2021-05-29 19:03:21,-0.5,117.15,296.42,99,91,1.02
502,Visby,SE,2021-05-29 19:05:24,57.6409,18.296,284.13,76,6,3.6
503,Rorvik,NO,2021-05-29 19:03:08,64.8621,11.2373,282.04,82,18,4.59
504,Shrewsbury,GB,2021-05-29 19:05:26,52.7101,-2.7521,292.25,76,69,0.71
505,Agua Verde,MX,2021-05-29 19:05:27,22.9,-106.05,304.2,62,80,4.11
506,Muzhi,RU,2021-05-29 19:05:29,65.3667,64.6667,280.0,65,95,2.98
507,Mahajanga,MG,2021-05-29 19:05:30,-15.7167,46.3167,297.16,78,20,1.54
508,Chicama,PE,2021-05-29 19:05:31,-7.8447,-79.1469,295.61,73,75,4.56
509,Dicabisagan,PH,2021-05-29 19:05:32,17.0818,122.4157,299.71,85,80,1.89
510,Kloulklubed,PW,2021-05-29 19:05:34,7.0419,134.2556,301.15,82,100,8.12
511,Santiago De Chuco,PE,2021-05-29 19:05:35,-8.15,-78.1833,290.94,54,48,1.41
512,Kumluca,TR,2021-05-29 19:05:36,36.3703,30.2869,296.53,52,0,3.82
513,Seoul,KR,2021-05-29 19:02:12,37.5683,126.9778,285.57,83,0,1.27
514,Sasovo,RU,2021-05-29 19:05:39,54.3537,41.9199,288.58,96,62,3.36
515,Kaohsiung,TW,2021-05-29 19:05:40,22.6163,120.3133,302.61,82,100,0.45
516,Necochea,AR,2021-05-29 19:01:23,-38.5473,-58.7368,283.17,52,61,9.87
517,Hervey Bay,AU,2021-05-29 19:05:42,-25.2986,152.8535,287.06,69,100,1.34
518,Sabha,LY,2021-05-29 19:05:45,27.0377,14.4283,309.2,9,0,4.02
519,Half Moon Bay,US,2021-05-29 19:05:46,37.4636,-122.4286,296.21,77,90,4.12
520,Charleston,US,2021-05-29 19:03:00,32.7766,-79.9309,302.6,71,40,2.68
521,Boende,CD,2021-05-29 19:05:48,-0.2167,20.8667,296.55,94,100,2.07
522,Xuanhua,CN,2021-05-29 19:05:49,40.6103,115.0447,290.04,49,100,2.6
523,Puerto Suarez,BO,2021-05-29 19:05:51,-18.95,-57.8,306.46,43,40,4.19
524,Dalby,AU,2021-05-29 19:05:52,-27.1833,151.2667,283.61,64,100,2.78
525,Gnjilane,XK,2021-05-29 19:05:53,42.4604,21.4699,290.33,79,100,2.78
526,Pincher Creek,CA,2021-05-29 19:05:56,49.4833,-113.952,287.75,31,11,1.5
527,Taltal,CL,2021-05-29 19:05:57,-25.4,-70.4833,293.05,67,24,2.27
528,Usinsk,RU,2021-05-29 19:05:59,65.9939,57.5281,277.48,63,100,2.65
529,Sioux Lookout,CA,2021-05-29 19:05:38,50.1001,-91.917,292.19,23,100,6.1
530,Washington,US,2021-05-29 19:03:09,47.5001,-120.5015,293.75,29,100,2.21
531,Morshansk,RU,2021-05-29 19:06:02,53.4435,41.8107,290.0,92,100,3.25
532,Mazatlan,MX,2021-05-29 19:04:36,23.2167,-106.4167,304.13,75,40,1.34
533,Gat,IL,2021-05-29 19:02:03,31.61,34.7642,296.38,100,0,1.67
534,Tautira,PF,2021-05-29 19:02:04,-17.7333,-149.15,301.16,71,100,4.68
535,Dvinskoy,RU,2021-05-29 19:06:07,62.1535,45.1175,277.3,62,2,4.02
536,Muncar,ID,2021-05-29 19:06:09,-8.4333,114.3333,297.95,91,74,1.92
537,Salalah,OM,2021-05-29 19:04:58,17.0151,54.0924,301.96,80,100,3.94
538,Kushima,JP,2021-05-29 19:06:11,31.4583,131.2333,291.54,79,100,1.56
539,Katsuura,JP,2021-05-29 19:06:12,35.1333,140.3,293.23,92,99,5.43
540,Luebo,CD,2021-05-29 19:06:14,-5.35,21.4167,299.61,52,89,0.36
541,Maceio,BR,2021-05-29 19:03:27,-9.6658,-35.7353,300.84,65,20,3.61
542,Henties Bay,NA,2021-05-29 19:06:16,-22.116,14.2845,288.07,78,99,3.57
543,Abaete,BR,2021-05-29 19:06:17,-19.16,-45.4458,304.74,31,59,2.37
544,Sobolevo,RU,2021-05-29 19:06:19,54.4299,31.8996,284.49,90,100,4.44
545,Kalisz,PL,2021-05-29 19:06:20,51.7611,18.091,283.46,87,99,3.22
546,Birjand,IR,2021-05-29 19:06:21,32.8663,59.2211,297.41,14,0,2.06
547,Gizo,SB,2021-05-29 19:06:24,-8.103,156.8419,298.85,86,100,1.94
548,Bloomfield,US,2021-05-29 19:06:25,40.8068,-74.1854,284.14,88,90,2.24
549,Trincomalee,LK,2021-05-29 19:06:26,8.5711,81.2335,300.58,79,100,9.57
550,Port Macquarie,AU,2021-05-29 19:04:52,-31.4333,152.9167,285.31,81,91,6.7
551,Amga,RU,2021-05-29 19:06:29,60.8953,131.9608,282.2,93,97,2.47
552,Vallentuna,SE,2021-05-29 19:06:30,59.5344,18.0776,286.21,51,0,1.57
553,Hienghene,NC,2021-05-29 19:06:33,-20.6833,164.9333,291.12,69,16,4.29
554,Zyryanka,RU,2021-05-29 19:06:34,65.75,150.85,282.8,53,0,8.94
555,Sovetskaya Gavan,RU,2021-05-29 19:06:36,48.9723,140.2878,278.96,98,100,3.87
556,Yanliang,CN,2021-05-29 19:06:37,34.6592,109.2292,292.7,37,11,1.75
557,Podyuga,RU,2021-05-29 19:06:38,61.095,40.8647,275.42,84,9,2.34
558,Lufilufi,WS,2021-05-29 19:06:40,-13.8745,-171.5986,299.03,77,20,6.42
559,Xichang,CN,2021-05-29 19:06:41,27.8964,102.2634,290.0,89,100,1.54
